"","Date","Streamflow..obs.","Tmax","Tmin","Tavg","Precip","StrQobs","JD","dr","delta","omegas","Tsunset","N","R0","PETt","MtP","At","MtA","PeffT","XUt","Wat","EOt","Rt","QUt","XLt","QLt","Qt","Residual","SqResidual","SqD"
"1","1/1/1977",5.46,31.85,21.62,26.71,10.39,6.499584,1,1.0329951106939,-0.402464796707004,1.60206299559769,6.11941556760004,12.2388597549111,15.3137355583171,150.426948330863,0,0,0,10.39,300,NA,NA,NA,NA,0,NA,NA,NA,NA,NA
"2","2/1/1977",2.74,32.41,22.15,27.02,4.02,2.946048,32,1.02811855819634,-0.308616225393509,1.59420985198204,6.08941883873967,12.1788661568996,15.5937518229195,154.470389417119,0,0,0,4.02,61.2568764762517,304.02,271.689100542667,24.0769704936451,8.25392896368798,21.8881549942228,2.18881549942228,10.4427444631103,7.49669646311026,56.2,5.29
"3","3/1/1977",5.05,31.65,21.79,26.49,53.34,6.01152,60,1.01690825660024,-0.148828389816058,1.58180723853575,6.04204445582792,12.0841171695123,15.7055925087164,150.711903042023,0,0,0,53.34,32.675443426937,114.596876476252,111.403164165295,2.37837234245726,0.8153399684991,22.0604793969819,2.20604793969819,3.02138790819729,-2.99013209180271,8.94,1.57
"4","4/1/1977",8.88,30.64,22.49,26.4,93.98,10.22976,91,1.00014201676378,0.0658120579443605,1.56595638284451,5.9814987885581,11.9630255518084,15.2033197069995,132.369702483113,0,0,0,93.98,40.0777834413375,126.655443426937,122.667620998043,2.96974982341854,1.01807260547548,22.7547538367277,2.27547538367277,3.29354798914825,-6.93621201085175,48.11,3.28
"5","5/1/1977",2.09,29.46,20.96,25.01,57.63,2.487936,121,0.983829054007841,0.256702116605427,1.55151882556541,5.92635151094505,11.8527307386656,14.1679708646849,122.01449773684,0,0,0,57.63,35.5716795767077,97.7077834413375,95.4554380837342,1.67733201447364,0.575013343129661,22.2109871374557,2.22109871374557,2.79611205687523,0.308176056875235,0.09,36.36
"6","6/1/1977",1.67,27.99,18.99,23.09,52.33,1.92384,152,0.971444860606014,0.383172477108697,1.54119048327006,5.88690024167324,11.7738280156136,13.1938805685762,111.67603972496,0,0,0,52.33,35.2956107045185,87.9016795767077,86.1101502644281,1.33416017228902,0.457369139990506,21.4046793724952,2.14046793724952,2.59783707724003,0.673997077240028,0.45,2.93
"7","7/1/1977",3.69,28.14,19.33,23.36,22.64,4.392576,182,0.967001222349163,0.404253818419659,1.53937427719707,5.87996286171531,11.7599532232525,12.9808511449854,109.424754470026,0,0,0,22.64,25.8194717892924,57.9356107045185,57.1968007717481,0.550195177068874,0.188614755701463,19.9589768632401,1.99589768632401,2.18451244202547,-2.20806355797453,4.88,5.18
"8","8/1/1977",2.47,27.66,18.96,23.08,52.92,2.940288,213,0.971444860606014,0.315454740665758,1.54682819940301,5.90843468068377,11.8168969943484,13.64687282336,113.541008783846,0,0,0,52.92,31.9681445020585,78.7394717892924,77.324877833236,1.05345466758219,0.361139288474185,19.1022104825657,1.91022104825657,2.27136033673076,-0.668927663269243,0.45,0.04
"9","9/1/1977",4.44,28.57,19.38,23.8,96.68,5.11488,244,0.983829054007841,0.138934649561522,1.56052726538654,5.96076113593023,11.9215501495654,14.716433067067,128.056826981293,0,0,0,96.68,41.8624788437293,128.648144502059,124.518795237504,3.07514551309762,1.05420375145664,20.1612327233303,2.01612327233303,3.07032702378967,-2.04455297621033,4.18,1.59
"10","10/1/1977",8.77,29.68,20.75,25.08,214.86,10.439808,274,1.00014201676378,-0.0692866260487309,1.57589259830973,6.01945224717237,12.0389326465403,15.4388136471678,136.503416708481,0,0,0,214.86,63.9111704338234,256.722478843729,235.702382715517,15.6537628939288,5.36633323428318,32.559086924781,3.2559086924781,8.62224192676128,-1.81756607323872,3.3,0.84
"11","11/1/1977",10.83,29.93,21.54,25.72,184.69,12.47616,305,1.01690825660024,-0.264847344805947,1.59071469746395,6.07606836311668,12.1521651432152,15.5402631585274,135.169070300006,0,0,0,184.69,63.2605211209314,248.601170433823,229.201705017558,14.44687170044,4.95259371582561,42.7326896592918,4.27326896592918,9.22586268175479,-3.25029731824521,10.56,38.93
"12","12/1/1977",11.45,30.29,21.49,25.71,124.78,13.63008,335,1.02869644984844,-0.384396775071331,1.60050678343852,6.1134712889172,12.2269711697448,15.3283488272507,136.513274854584,0,0,0,124.78,51.6487086297717,188.040521120931,178.175920907989,7.34621344426425,2.51838676867801,45.5262755486873,4.55262755486873,7.07101432354674,-6.55906567645326,43.02,68.49
"13","1/1/1978",5,30.91,21.35,25.79,64.79,5.952,1,1.0329951106939,-0.402464796707004,1.60206299559769,6.11941556760004,12.2388597549111,15.3137355583171,142.411824104091,0,0,0,64.79,35.0423753914018,116.438708629772,113.130485502727,2.463649077297,0.844574049747331,43.6272042054403,4.36272042054403,5.20729447029136,-0.744705529708641,0.55,88.92
"14","2/1/1978",3.86,31.78,22.06,26.58,7.67,4.150272,32,1.02811855819634,-0.308616225393509,1.59420985198204,6.08941883873967,12.1788661568996,15.5937518229195,148.874439417113,0,0,0,7.67,16.1323697412553,42.7123753914018,42.32103771138,0.291430981911586,0.0999066981101698,39.9260319885017,3.99260319885017,4.09250989696034,-0.0577621030396616,0,3.07
"15","3/1/1978",7.02,31.44,22.27,26.71,121.42,8.356608,60,1.01690825660024,-0.148828389816058,1.58180723853575,6.04204445582792,12.0841171695123,15.7055925087164,146.064836894619,0,0,0,121.42,38.4785306580274,137.552369741255,132.7535475173,3.57370512512047,1.22511709883507,39.5452155578383,3.95452155578383,5.1796386546189,-3.1769693453811,10.09,0
"16","4/1/1978",6.78,29.79,21.72,25.62,183.3,7.81056,91,1.00014201676378,0.0658120579443605,1.56595638284451,5.9814987885581,11.9630255518084,15.2033197069995,129.393990146435,0,0,0,183.3,61.3914612665889,221.778530658027,207.129517069451,10.9091882333373,3.73982535523865,45.8676398101597,4.58676398101597,8.32658933625462,0.516029336254621,0.27,17.28
"17","5/1/1978",9.22,28.74,20.49,24.31,145.56,10.975488,121,0.983829054007841,0.256702116605427,1.55151882556541,5.92635151094505,11.8527307386656,14.1679708646849,118.241236184833,0,0,0,145.56,64.1173711650012,206.951461266589,194.558566395915,9.2290461799814,3.16384869069255,50.0878963546737,5.00878963546737,8.17263832615992,-2.80284967384008,7.86,13.04
"18","6/1/1978",2.36,28.3,20.27,23.98,67.28,2.71872,152,0.971444860606014,0.383172477108697,1.54119048327006,5.88690024167324,11.7738280156136,13.1938805685762,107.782399428041,0,0,0,67.28,49.6630900381008,131.397371165001,127.067834568637,3.22422594581305,1.10531065055069,48.4655657277152,4.84655657277152,5.95186722332221,3.23314722332221,10.45,45.91
"19","7/1/1978",1.71,26.85,19.03,22.59,35.71,2.035584,182,0.967001222349163,0.404253818419659,1.53937427719707,5.87996286171531,11.7599532232525,12.9808511449854,101.164814659576,0,0,0,35.71,37.1956232839293,85.3730900381008,83.6906569673914,1.25291569615813,0.429517374551273,45.1986194762485,4.51986194762485,4.94937932217612,2.91379532217612,8.49,2.19
"20","8/1/1978",1.37,27.99,19.19,23.31,28.55,1.630848,213,0.971444860606014,0.315454740665758,1.54682819940301,5.90843468068377,11.8168969943484,13.64687282336,114.834146778323,0,0,0,28.55,27.5255159014664,65.7456232839293,64.7813664449705,0.718086531757208,0.246170307201624,41.7424600072779,4.17424600072779,4.42041630792942,2.78956830792942,7.78,4.69
"21","9/1/1978",1.39,29.42,19.42,24.2,30.21,1.60128,244,0.983829054007841,0.138934649561522,1.56052726538654,5.96076113593023,11.9215501495654,14.716433067067,134.865522928462,0,0,0,30.21,21.9165074227443,57.7355159014664,57.0020511432386,0.546214600842913,0.187250157384898,38.4442496437462,3.84442496437462,4.03167512175952,2.43039512175952,5.91,6.6
"22","10/1/1978",0,30.27,20.42,25.28,46.79,0,274,1.00014201676378,-0.0692866260487309,1.57589259830973,6.01945224717237,12.0389326465403,15.4388136471678,144.031281815897,0,0,0,46.79,23.5596734672261,68.7065074227443,67.6480505903146,0.788237702970144,0.270219129459554,35.665897587924,3.5665897587924,3.83680888825195,3.83680888825195,14.72,6.75
"23","11/1/1978",6.37,30.09,21.2,25.58,189.32,7.33824,305,1.01690825660024,-0.264847344805947,1.59071469746395,6.07606836311668,12.1521651432152,15.5402631585274,138.690874883245,0,0,0,189.32,55.3357456075471,212.879673467226,199.614700534078,9.87848675017189,3.38648618297607,41.4039857619053,4.14039857619053,7.5268847591666,0.188644759166599,0.04,17.64
"24","12/1/1978",7.32,29.41,21.15,25.17,219.41,8.713728,335,1.02869644984844,-0.384396775071331,1.60050678343852,6.1134712889172,12.2269711697448,15.3283488272507,130.617041644957,0,0,0,219.41,70.2090829203571,274.745745607547,249.804372633321,18.5739559137204,6.36741706050536,54.5254015232961,5.45254015232961,11.819957212835,3.10622921283497,9.65,9.85
"25","1/1/1979",4.76,31.25,21.86,26.28,180.3,5.666304,1,1.0329951106939,-0.402464796707004,1.60206299559769,6.11941556760004,12.2388597549111,15.3137355583171,142.726500017948,0,0,0,180.3,59.7437843881052,250.509082920357,230.736803231122,14.7245082153702,5.04777147386477,62.9544633987875,6.29544633987875,11.3432178137435,5.67691381374352,32.23,20.37
"26","2/1/1979",3.41,31.61,22.09,26.48,44.73,3.666432,32,1.02811855819634,-0.308616225393509,1.59420985198204,6.08941883873967,12.1788661568996,15.5937518229195,147.002863724735,0,0,0,44.73,31.3713203035048,104.473784388105,101.867375955972,1.94100442512179,0.665404007011091,58.9958798399175,5.89958798399175,6.56499199100285,2.89855999100285,8.4,2.15
"27","3/1/1979",6.32,32.22,22.29,27.09,109.52,7.523328,60,1.01690825660024,-0.148828389816058,1.58180723853575,6.04204445582792,12.0841171695123,15.7055925087164,153.29487852146,0,0,0,109.52,37.1340875388494,140.891320303505,135.825464508797,3.77256626142426,1.29328953328329,57.0622237284925,5.70622237284925,6.99951190613254,-0.52381609386746,0.27,0.28
"28","4/1/1979",4.13,30.68,21.48,25.82,138.8,4.75776,91,1.00014201676378,0.0658120579443605,1.56595638284451,5.9814987885581,11.9630255518084,15.2033197069995,138.792850058411,0,0,0,138.8,48.4094892018331,175.934087538849,167.496552443598,6.2834714448805,2.15406365037056,57.5869956121573,5.75869956121573,7.91276321158629,3.15500321158629,9.95,11.04
"29","5/1/1979",8.51,28,20.81,24.28,258.78,10.130304,121,0.983829054007841,0.256702116605427,1.55151882556541,5.92635151094505,11.8527307386656,14.1679708646849,110.305437671784,0,0,0,258.78,90.1817181827256,307.189489201833,273.978422776558,24.7324349091828,8.4786315160918,74.835845928491,7.4835845928491,15.9622161089409,5.8319121089409,34.01,0.31
"30","6/1/1979",8.22,27.52,19.02,22.9,67.06,9.46944,152,0.971444860606014,0.383172477108697,1.54119048327006,5.88690024167324,11.7738280156136,13.1938805685762,108.025307526425,0,0,0,67.06,56.8824070345361,157.241718182726,150.736204670502,4.84468602819222,1.66082748403187,72.4368472333484,7.24368472333484,8.90451220736671,-0.564927792633286,0.32,35.17
"31","7/1/1979",2.01,26.96,18.61,22.42,48.94,2.392704,182,0.967001222349163,0.404253818419659,1.53937427719707,5.87996286171531,11.7599532232525,12.9808511449854,104.096844409333,0,0,0,48.94,43.1528123540786,105.822407034536,103.141794744733,1.99626438143689,0.684347908366193,67.6664651043503,6.76664651043503,7.45099441880122,5.05829041880122,25.59,27.77
"32","8/1/1979",1.77,27.71,18.93,22.96,19.36,2.107008,213,0.971444860606014,0.315454740665758,1.54682819940301,5.90843468068377,11.8168969943484,13.64687282336,113.727022336381,0,0,0,19.36,26.6541143855749,62.5128123540786,61.6458842455392,0.645605375654924,0.22132273288441,62.1018822545502,6.21018822545502,6.43151095833943,4.32450295833943,18.7,3.27
"33","9/1/1979",1.81,28.66,19.25,23.7,50.9,2.08512,244,0.983829054007841,0.138934649561522,1.56052726538654,5.96076113593023,11.9215501495654,14.716433067067,129.269050447854,0,0,0,50.9,28.3883135381477,77.5541143855749,76.1846271544504,1.01986348071519,0.34962375040932,57.3834052138776,5.73834052138776,6.08796427179708,4.00284427179708,16.02,4.38
"34","10/1/1979",1.94,30.17,20.19,25.1,23.03,2.309376,274,1.00014201676378,-0.0692866260487309,1.57589259830973,6.01945224717237,12.0389326465403,15.4388136471678,144.372866262409,0,0,0,23.03,18.980674474796,51.4183135381477,50.8427935163749,0.428592424439444,0.146927597333381,52.5563614893791,5.25563614893791,5.40256374627129,3.09318774627129,9.57,4.47
"35","11/1/1979",4.53,31.02,21.71,26.25,77.4,5.21856,305,1.01690825660024,-0.264847344805947,1.59071469746395,6.07606836311668,12.1521651432152,15.5402631585274,144.12131392298,0,0,0,77.4,30.1778766319491,96.380674474796,94.1942686268255,1.62822655639971,0.558179291570783,49.2587164052535,4.92587164052535,5.48405093209613,0.265490932096131,0.07,3.57
"36","12/1/1979",2.75,31.57,21.92,26.6,89.87,3.2736,335,1.02869644984844,-0.384396775071331,1.60050678343852,6.1134712889172,12.2269711697448,15.3283488272507,145.878434026983,0,0,0,89.87,34.9514642488975,120.047876631949,116.508250925167,2.63597564964788,0.903650057134366,47.176992777183,4.7176992777183,5.62134933485267,2.34774933485267,5.51,1.04
"37","1/1/1980",1.78,31.9,21.71,26.42,8.4,2.118912,1,1.0329951106939,-0.402464796707004,1.60206299559769,6.11941556760004,12.2388597549111,15.3137355583171,149.154398240834,0,0,0,8.4,16.2839853170278,43.3514642488975,42.9478950133651,0.300539877923248,0.103029357609118,43.1613933228239,4.31613933228239,4.41916868989151,2.30025668989151,5.29,0.86
"38","2/1/1980",1.5,33.06,22.17,27.25,7.97,1.6704,32,1.02811855819634,-0.308616225393509,1.59420985198204,6.08941883873967,12.1788661568996,15.5937518229195,159.958912918048,0,0,0,7.97,10.0936035234694,24.2539853170278,24.1316122565142,0.0911317846598315,0.0312412758538244,39.3204773704397,3.93204773704398,3.9632890128978,2.2928890128978,5.26,4.33
"39","3/1/1980",1.7,33.34,22.11,27.43,13.39,2.02368,61,1.01641793853394,-0.142243182046466,1.58131323149264,6.04015749233245,12.0803432336962,15.7011124375209,164.208630939884,0,0,0,13.39,9.67178837708631,23.4836035234694,23.3690261225353,0.0853263208828923,0.0292510800512102,35.8234579012024,3.58234579012024,3.61159687017145,1.58791687017145,2.52,6.4
"40","4/1/1980",3.35,32.26,22.73,27.26,39.17,3.8592,92,0.999573960229525,0.0727560612773819,1.56544398267793,5.97954156867049,11.9591111028795,15.1750869792951,145.652491324537,0,0,0,39.17,18.1367460485632,48.8417883770863,48.3247614580296,0.385032340067628,0.131994578989062,32.9168093102455,3.29168093102455,3.42367551001361,-0.435524489986391,0.19,4.74
"41","5/1/1980",1.85,30.31,22.45,26.06,49.79,2.20224,122,0.98333628519419,0.262151622347102,1.55109036650114,5.9247149217003,11.849457552522,14.1307193718436,119.892844120049,0,0,0,49.79,27.3027235183722,67.9267460485632,66.8935704898576,0.769410621394557,0.263764937311108,30.6238363014909,3.06238363014909,3.3261485674602,1.1239085674602,1.26,0.12
"42","6/1/1980",1.36,29.1,19.6,23.88,25.18,1.56672,153,0.971164365580834,0.385592596241457,1.54098358990809,5.88610996909126,11.7722474667536,13.1727625740437,116.765748561057,0,0,0,25.18,22.7947607660049,52.4827235183722,51.8820453701351,0.447327797680643,0.153350350556501,28.2465128174287,2.82465128174287,2.97800163229937,1.41128163229937,1.99,3.99
"43","7/1/1980",2.4,27.72,19.46,23.27,39.06,2.85696,183,0.967001222349163,0.403091013698986,1.53947529662234,5.88034872659414,11.7607249548148,12.9894222886474,105.792201142496,0,0,0,39.06,27.8553865768021,61.8547607660049,61.0069461047028,0.631371503016434,0.216443158285633,26.2526221094956,2.62526221094956,2.84170536923519,-0.0152546307648089,0,6.93
"44","8/1/1980",16.75,26.88,19.21,22.77,132.79,19.9392,214,0.971733817135267,0.31091882019131,1.54719633526721,5.90984085281593,11.8197093451892,13.6790848329262,106.049548364881,0,0,0,132.79,58.7518459865785,160.645386576802,153.811539579405,5.08919749453764,1.74464950285915,28.4925632763938,2.84925632763938,4.59390583049854,-15.3452941695015,235.48,1.8
"45","9/1/1980",1.75,28.9,19.31,23.9,29.34,2.016,245,0.984326614621787,0.132286952882849,1.56102455755016,5.96266064763239,11.9253491818534,14.748862188943,131.417429118185,0,0,0,29.34,30.7969193353817,88.0918459865785,86.291953224211,1.34038847228603,0.459504290081479,27.1208652260726,2.71208652260726,3.17159081268874,1.15559081268874,1.34,247.72
"46","10/1/1980",0.42,30.77,20.05,25.28,7.28,0.499968,275,1.0007100312154,-0.0762201066084194,1.57640447527989,6.02140746860157,12.042843098543,15.4521352075297,150.387132196908,0,0,0,7.28,14.7048512301056,38.0769193353817,37.7683195525961,0.22981568682553,0.078784095960069,24.8642553753619,2.48642553753619,2.56520963349626,2.06524163349626,4.27,4.77
"47","11/1/1980",6.37,31.59,22.05,26.59,84.71,7.33824,306,1.0173935643852,-0.270179730395027,1.59113578644398,6.07767680077914,12.1553820260625,15.5350539282719,146.967459956525,0,0,0,84.71,30.2722138048359,99.4148512301056,97.0760101616723,1.74174577073891,0.597095297694426,24.1872737691826,2.41872737691826,3.01582267461268,-4.32241732538732,18.68,13.69
"48","12/1/1980",5.98,32.11,22.86,27.32,35.44,7.118592,336,1.02897268279513,-0.386759852030531,1.60070899679653,6.11424368524266,12.2285159660081,15.3224983122509,145.083702544225,0,0,0,35.44,22.6491972548664,65.7122138048359,64.7489921446706,0.717315629317619,0.245906030847754,22.6405358168184,2.26405358168184,2.50995961252959,-4.60863238747041,21.24,9.85
"49","1/1/1981",1.81,33.26,22.14,27.39,18.19,2.154624,1,1.0329951106939,-0.402464796707004,1.60206299559769,6.11941556760004,12.2388597549111,15.3137355583171,159.230027093571,0,0,0,18.19,14.7541679246715,40.8391972548664,40.4825541704659,0.265593755942522,0.0910493284579663,20.8237541570553,2.08237541570553,2.1734247441635,0.0188007441635007,0,8.52
"50","2/1/1981",0,33.04,22.21,27.21,0.22,0,32,1.02811855819634,-0.308616225393509,1.59420985198204,6.08941883873967,12.1788661568996,15.5937518229195,159.376010020931,0,0,0,0.22,7.13788415720706,14.9741679246715,14.928225872467,0.0342132589539345,0.011728793250653,18.9617885600084,1.89617885600084,1.9079076492515,1.9079076492515,3.64,4.18
"51","3/1/1981",14.26,32.23,22.32,27,293.98,16.975104,60,1.01690825660024,-0.148828389816058,1.58180723853575,6.04204445582792,12.0841171695123,15.7055925087164,152.833393832595,0,0,0,293.98,61.7335111764262,301.117884157207,269.578802144704,23.4873003769604,8.05178163554259,38.5900808517898,3.85900808517898,11.9107897207216,-5.06431427927843,25.65,17.64
"52","4/1/1981",6.77,30.22,21.14,25.6,89.36,7.79904,91,1.00014201676378,0.0658120579443605,1.56595638284451,5.9814987885581,11.9630255518084,15.2033197069995,137.189278721674,0,0,0,89.36,43.9632276358058,151.093511176426,145.155650556284,4.42195229165249,1.51590832848968,39.1018483122203,3.91018483122203,5.42609315971171,-2.37294684028829,5.63,163.2
"53","5/1/1981",3.12,27.98,20.37,23.95,87.37,3.714048,121,0.983829054007841,0.256702116605427,1.55151882556541,5.92635151094505,11.8527307386656,14.1679708646849,112.591486771488,0,0,0,87.37,47.8230253032618,131.333227635806,127.00842734555,3.22069879672902,1.1041014935269,38.4750428263175,3.84750428263175,4.95160577615865,1.23755777615865,1.53,12.95
"54","6/1/1981",2.43,28.33,19.73,23.6,34.5,2.79936,152,0.971444860606014,0.383172477108697,1.54119048327006,5.88690024167324,11.7738280156136,13.1938805685762,110.527718636077,0,0,0,34.5,33.8046598367029,82.3230253032618,80.7670144803118,1.15876846301173,0.397242359938313,36.0307375357539,3.60307375357539,4.0003161135137,1.2009561135137,1.44,0.24
"55","7/1/1981",1.49,27.23,18.81,22.73,26.64,1.773696,182,0.967001222349163,0.404253818419659,1.53937427719707,5.87996286171531,11.7599532232525,12.9808511449854,105.337961588217,0,0,0,26.64,27.4304382066855,60.4446598367029,59.6370139743926,0.601457612455907,0.206188249854388,33.3019955892816,3.33019955892816,3.53638780878255,1.76269180878255,3.11,1.96
"56","8/1/1981",0.69,27.65,19.02,23.07,71.2,0.821376,213,0.971444860606014,0.315454740665758,1.54682819940301,5.90843468068377,11.8168969943484,13.64687282336,113.055649838603,0,0,0,71.2,38.2218813818325,98.6304382066855,96.3315779530477,1.7119718728795,0.586888380758239,31.8308795110556,3.18308795110556,3.76997633186379,2.94860033186379,8.69,5.89
"57","9/1/1981",2.76,28.46,18.91,23.5,32.72,3.17952,244,0.983829054007841,0.138934649561522,1.56052726538654,5.96076113593023,11.9215501495654,14.716433067067,129.599518411656,0,0,0,32.72,26.4783138534408,70.9418813818325,69.8090577751228,0.843618984038758,0.289204622670962,29.7040895409948,2.97040895409948,3.25961357677045,0.0800935767704458,0.01,11.42
"58","10/1/1981",3.73,30.09,20.34,25.05,82.41,4.440192,274,1.00014201676378,-0.0692866260487309,1.57589259830973,6.01945224717237,12.0389326465403,15.4388136471678,142.533237551286,0,0,0,82.41,33.3475329175124,108.888313853441,106.034434651602,2.12529705292555,0.728582148913333,28.9358059944731,2.89358059944731,3.62216274836064,-0.81802925163936,0.67,1.04
"59","11/1/1981",3.68,31.64,20.99,26.15,47.47,4.23936,305,1.01690825660024,-0.264847344805947,1.59071469746395,6.07606836311668,12.1521651432152,15.5402631585274,153.794619834325,0,0,0,47.47,24.915318031975,80.8175329175124,79.3218626335639,1.11383258428595,0.381837699662578,27.3178532534173,2.73178532534173,3.11362302500431,-1.12573697499569,1.27,0.06
"60","12/1/1981",5.32,30.98,22.09,26.39,144.37,6.332928,335,1.02869644984844,-0.384396775071331,1.60050678343852,6.1134712889172,12.2269711697448,15.3283488272507,139.353970706791,0,0,0,144.37,46.90339696859,169.285318031975,161.571608082718,5.74443550789252,1.96927444136488,30.0566261466453,3.00566261466453,4.97493705602941,-1.35799094397059,1.84,0
"61","1/1/1982",1.94,32.13,21.77,26.71,3.82,2.309376,1,1.0329951106939,-0.402464796707004,1.60206299559769,6.11941556760004,12.2388597549111,15.3137355583171,151.379722937009,0,0,0,3.82,18.0389054385511,50.72339696859,50.1639874142434,0.416594884767751,0.142814669578815,27.7029282103755,2.77029282103755,2.91310749061636,0.603731490616363,0.36,4.55
"62","2/1/1982",1.19,32.88,21.92,26.91,0.01,1.279488,32,1.02811855819634,-0.308616225393509,1.59420985198204,6.08941883873967,12.1788661568996,15.5937518229195,159.261079729776,0,0,0,0.01,8.17605694664197,18.0489054385511,17.9818237389589,0.0499560522241403,0.017125647368018,25.2298947841815,2.52298947841815,2.54011512578616,1.26062712578616,1.59,3.57
"63","3/1/1982",0.02,32.95,21.62,26.97,77.38,0.023808,60,1.01690825660024,-0.148828389816058,1.58180723853575,6.04204445582792,12.0841171695123,15.7055925087164,163.307249878158,0,0,0,77.38,24.4118582973991,85.556056946642,83.8658609329725,1.2586967957171,0.43149921795239,24.0805377999078,2.40805377999078,2.83955299794317,2.81574499794317,7.93,8.53
"64","4/1/1982",4.06,30.16,21.16,25.45,152.79,4.67712,91,1.00014201676378,0.0658120579443605,1.56595638284451,5.9814987885581,11.9630255518084,15.2033197069995,136.11152050684,0,0,0,152.79,49.6826652602431,177.201858297399,168.621567532703,6.38978225276764,2.19050851192839,27.7002909569777,2.77002909569777,4.96053760762615,0.283417607626154,0.08,17.44
"65","5/1/1982",20.33,28.12,20.76,24.18,337.56,24.200832,121,0.983829054007841,0.256702116605427,1.55151882556541,5.92635151094505,11.8527307386656,14.1679708646849,111.336633984832,0,0,0,337.56,102.712060162892,387.242665260243,326.095299144653,45.5367266126354,15.6106395029547,66.5791068814664,6.65791068814664,22.2685501911014,-1.93228180889862,3.73,0.23
"66","6/1/1982",3.18,27.72,19.62,23.3,53.99,3.66336,152,0.971444860606014,0.383172477108697,1.54119048327006,5.88690024167324,11.7738280156136,13.1938805685762,106.489299589808,0,0,0,53.99,57.4431435853879,156.702060162892,150.247674567325,4.80661083197417,1.64777476359326,64.8961070122187,6.48961070122187,8.13738546481513,4.47402546481513,20.02,400.03
"67","7/1/1982",2.9,26.68,18.72,22.39,80.81,3.45216,182,0.967001222349163,0.404253818419659,1.53937427719707,5.87996286171531,11.7599532232525,12.9808511449854,101.560960748697,0,0,0,80.81,54.2630686568954,138.253143585388,133.399011484666,3.61489464639144,1.23923745433032,62.2827287805546,6.22827287805546,7.46751033238578,4.01535033238578,16.12,0.29
"68","8/1/1982",1.73,26.8,18.11,22.13,23.78,2.059392,213,0.971444860606014,0.315454740665758,1.54682819940301,5.90843468068377,11.8168969943484,13.64687282336,110.838702573141,0,0,0,23.78,32.347800919786,78.0430686568954,76.6550750414788,1.03364527076821,0.354348344648454,57.5603400466571,5.75603400466571,6.11038234931417,4.05099034931417,16.41,0.56
"69","9/1/1982",1.73,27.42,18.06,22.51,57.89,1.99296,244,0.983829054007841,0.138934649561522,1.56052726538654,5.96076113593023,11.9215501495654,14.716433067067,125.228267647336,0,0,0,57.89,32.7329145084556,90.237800919786,88.341978476613,1.41182774966421,0.483994693508784,53.6110616330194,5.36110616330194,5.84510085681072,3.85214085681072,14.84,4.58
"70","10/1/1982",4.19,28.67,20.02,24.15,151.12,4.987776,274,1.00014201676378,-0.0692866260487309,1.57589259830973,6.01945224717237,12.0389326465403,15.4388136471678,131.432580499288,0,0,0,151.12,52.9164979616699,183.852914508456,174.498238486623,6.96647053857899,2.3882054832535,55.0704837923622,5.50704837923622,7.89525386248972,2.90747786248972,8.45,4.87
"71","11/1/1982",3.76,30.5,21.42,25.85,110.4,4.33152,305,1.01690825660024,-0.264847344805947,1.59071469746395,6.07606836311668,12.1521651432152,15.5402631585274,141.037509986451,0,0,0,110.4,45.1387058741851,163.31649796167,156.217815436632,5.28642173796151,1.81226078707647,54.8699141184761,5.48699141184761,7.29925219892408,2.96773219892408,8.81,0.62
"72","12/1/1982",4.87,31.03,21.76,26.21,99.74,5.797248,335,1.02869644984844,-0.384396775071331,1.60050678343852,6.1134712889172,12.2269711697448,15.3283488272507,141.721487319275,0,0,0,99.74,41.230796984286,144.878705874185,139.482220349279,4.01878775207051,1.37769777283585,53.5351835186787,5.35351835186787,6.73121612470372,0.933968124703716,0.87,0.02
"73","1/1/1983",1.04,32.35,22.07,26.84,1.88,1.238016,1,1.0329951106939,-0.402464796707004,1.60206299559769,6.11941556760004,12.2388597549111,15.3137355583171,151.234535684302,0,0,0,1.88,16.0310215247054,43.110796984286,42.7118575399568,0.297092050981829,0.101847393347415,48.938432336055,4.8938432336055,4.99569062695292,3.75767462695292,14.12,2.55
"74","2/1/1983",0,33.03,22.83,27.45,33.35,0,32,1.02811855819634,-0.308616225393509,1.59420985198204,6.08941883873967,12.1788661568996,15.5937518229195,155.495698018173,0,0,0,33.35,17.2774002118259,49.3810215247054,48.8520329667651,0.393940227917632,0.135048330022641,44.8476114217933,4.48476114217933,4.61980947220197,4.61980947220197,21.34,8.77
"75","3/1/1983",3.5,31.98,23.42,27.5,16.98,4.1664,60,1.01690825660024,-0.148828389816058,1.58180723853575,6.04204445582792,12.0841171695123,15.7055925087164,143.627797366061,0,0,0,16.98,14.098965194437,34.2574002118259,34.0091924886083,0.184841440495348,0.063366282722199,40.9385935111715,4.09385935111715,4.15722563383935,-0.00917436616065093,0,17.64
"76","4/1/1983",2.34,31.89,23.24,27.26,76.45,2.69568,91,1.00014201676378,0.0658120579443605,1.56595638284451,5.9814987885581,11.9630255518084,15.2033197069995,139.023033338428,0,0,0,76.45,29.8443514496861,90.548965194437,88.638995267385,1.42236344640106,0.487606480650855,38.5099608705205,3.85099608705205,4.33860256770291,1.64292256770291,2.7,0
"77","5/1/1983",5.99,29.09,21.71,25.15,349.24,7.130496,121,0.983829054007841,0.256702116605427,1.55151882556541,5.92635151094505,11.8527307386656,14.1679708646849,114.063868032338,0,0,0,349.24,98.9844935701167,379.084351449686,321.308960023022,43.0256014520833,14.7497899745809,74.1232384750944,7.41232384750944,22.1621138220903,15.0316178220903,225.95,2.26
"78","6/1/1983",4.59,29.28,21.44,25,83.41,5.28768,152,0.971444860606014,0.383172477108697,1.54119048327006,5.88690024167324,11.7738280156136,13.1938805685762,109.099670666334,0,0,0,83.41,63.0581703784221,182.394493570117,173.213319479076,6.83726284753508,2.34391124350602,73.6004557478449,7.3600455747845,9.70395681829052,4.41627681829052,19.5,8.59
"79","7/1/1983",2.11,28.23,19.83,23.8,63.73,2.511744,182,0.967001222349163,0.404253818419659,1.53937427719707,5.87996286171531,11.7599532232525,12.9808511449854,107.990420974134,0,0,0,63.73,48.2333602695684,126.788170378422,122.79101398145,2.97670087265527,1.02045552431646,69.6155969277275,6.96155969277275,7.98201521708921,5.47027121708921,29.92,1.18
"80","8/1/1983",1.53,27.68,19.54,23.36,20.43,1.821312,213,0.971444860606014,0.315454740665758,1.54682819940301,5.90843468068377,11.8168969943484,13.64687282336,110.578273182144,0,0,0,20.43,29.3022952006801,68.6633602695684,67.6063112336177,0.787189310415214,0.269859725535512,64.0025329437661,6.40025329437661,6.67011301991212,4.84880101991212,23.51,2.85
"81","9/1/1983",1.95,28.69,19.32,23.8,43.81,2.2464,244,0.983829054007841,0.138934649561522,1.56052726538654,5.96076113593023,11.9215501495654,14.716433067067,129.304838542184,0,0,0,43.81,27.14231163195,73.1122952006801,71.904558551355,0.899407073665513,0.308329575659572,59.0017636522105,5.90017636522105,6.20850594088063,3.96210594088063,15.7,5.66
"82","10/1/1983",1.09,30.5,20.28,25.31,15.68,1.297536,274,1.00014201676378,-0.0692866260487309,1.57589259830973,6.01945224717237,12.0389326465403,15.4388136471678,146.813667114693,0,0,0,15.68,16.3497111383595,42.82231163195,42.4288842162461,0.292987217747998,0.10044019795592,53.9043189726896,5.39043189726896,5.49087209522488,4.19333609522488,17.58,3.82
"83","11/1/1983",0.97,31.48,20.88,26.08,30.82,1.11744,305,1.01690825660024,-0.264847344805947,1.59071469746395,6.07606836311668,12.1521651432152,15.5402631585274,153.188798937026,0,0,0,30.82,16.9325404498772,47.1697111383595,46.6888388674573,0.358107806218177,0.12276446468409,49.3294788899161,4.93294788899161,5.0557123536757,3.9382723536757,15.51,8.42
"84","12/1/1983",1.56,31.51,22.37,26.8,41.08,1.857024,335,1.02869644984844,-0.384396775071331,1.60050678343852,6.1134712889172,12.2269711697448,15.3283488272507,142.610802057155,0,0,0,41.08,20.9750446942606,58.0125404498772,57.2716698209845,0.551729787010715,0.189140841882043,45.3465533426608,4.53465533426608,4.72379617614812,2.86677217614812,8.22,9.5
"85","1/1/1984",1.32,31.86,21.55,26.45,0.8,1.571328,1,1.0329951106939,-0.402464796707004,1.60206299559769,6.11941556760004,12.2388597549111,15.3137355583171,150.131851899765,0,0,0,0.8,9.76042520654648,21.7750446942606,21.6768090122351,0.0731565671617776,0.0250791148637224,41.2906453725659,4.12906453725659,4.15414365212032,2.58281565212032,6.67,5.49
"86","2/1/1984",0,32.17,21.43,26.38,0.06,0,32,1.02811855819634,-0.308616225393509,1.59420985198204,6.08941883873967,12.1788661568996,15.5937518229195,155.785689580207,0,0,0,0.06,5.31982276439781,9.82042520654648,9.80082985191598,0.0145927513051014,0.00500260332540023,37.5502164762464,3.75502164762464,3.76002425095004,3.76002425095004,14.14,6.91
"87","3/1/1984",1.6,32.55,22.23,27.16,16.28,1.90464,61,1.01641793853394,-0.142243182046466,1.58131323149264,6.04015749233245,12.0803432336962,15.7011124375209,156.47525413965,0,0,0,16.28,9.42846170505839,21.5998227643978,21.50318948537,0.0719632502314731,0.0246700287963328,34.2019815695253,3.42019815695253,3.44486818574887,1.54022818574887,2.37,17.64
"88","4/1/1984",6.77,31.31,22.31,26.67,231.07,7.79904,92,0.999573960229525,0.0727560612773819,1.56544398267793,5.97954156867049,11.9591111028795,15.1750869792951,139.691076419636,0,0,0,231.07,59.6157646547459,240.498461705058,222.629304028353,13.3072444426146,4.56191323409078,43.1902054655818,4.31902054655818,8.88093378064896,1.08189378064896,1.17,5.27
"89","5/1/1984",3.47,29.28,21.21,25.02,121.23,4.130688,122,0.98333628519419,0.262151622347102,1.55109036650114,5.9247149217003,11.849457552522,14.1307193718436,118.60330539402,0,0,0,121.23,57.9618593830513,180.845764654746,171.846549089031,6.70175749139302,2.29745807432134,45.3563299608862,4.53563299608862,6.83309107040996,2.70240307040996,7.3,12.95
"90","6/1/1984",1.82,27.52,19.73,23.27,97.84,2.09664,153,0.971164365580834,0.385592596241457,1.54098358990809,5.88610996909126,11.7722474667536,13.1727625740437,104.188404290753,0,0,0,97.84,58.2684562083018,155.801859383051,149.432198027479,4.74351629824041,1.62614505733213,45.5453147810242,4.55453147810242,6.18067653543454,4.08403653543454,16.68,0
"91","7/1/1984",1.78,27,19.19,22.78,47.45,2.118912,183,0.967001222349163,0.403091013698986,1.53947529662234,5.88034872659414,11.7607249548148,12.9894222886474,101.642768674202,0,0,0,47.45,43.9254440917007,105.718456208302,103.043606998071,1.99197258940073,0.682876620830133,43.2157157912954,4.32157157912954,5.00444819995967,2.88553619995967,8.33,4.42
"92","8/1/1984",0.74,26.85,18.85,22.56,11.46,0.880896,214,0.971733817135267,0.31091882019131,1.54719633526721,5.90984085281593,11.8197093451892,13.6790848329262,107.746279966947,0,0,0,11.46,25.1856305549455,55.3854440917007,54.7131737251766,0.500642854057134,0.171627512466997,39.7421442230477,3.97421442230477,4.14584193477177,3.26494593477177,10.66,4.33
"93","9/1/1984",0.75,28.38,19.11,23.52,26.93,0.864,245,0.984326614621787,0.132286952882849,1.56102455755016,5.96266064763239,11.9253491818534,14.748862188943,128.028833431174,0,0,0,26.93,21.1475491842001,52.1156305549455,51.5236949038576,0.440817219582415,0.151118431505493,36.5299649478456,3.65299649478456,3.80411492629005,2.94011492629005,8.64,11.02
"94","10/1/1984",1.58,29.01,20.11,24.48,135.65,1.880832,275,1.0007100312154,-0.0762201066084194,1.57640447527989,6.02140746860157,12.042843098543,15.4521352075297,134.483056874786,0,0,0,135.65,46.0935607278458,156.7975491842,150.334135251043,4.81333427677169,1.65007965638551,37.5848174769248,3.75848174769248,5.40856140407799,3.52772940407799,12.44,11.13
"95","11/1/1984",6.28,28.83,20.27,24.44,132.1,7.23456,306,1.0173935643852,-0.270179730395027,1.59113578644398,6.07767680077914,12.1553820260625,15.5350539282719,132.47155913305,0,0,0,132.1,51.325191695024,178.193560727846,169.500527537391,6.47374205914316,2.21929113131198,40.0532359418799,4.00532359418799,6.22461472549997,-1.00994527450003,1.02,5.38
"96","12/1/1984",4.06,29.68,20.85,25.18,104.03,4.833024,336,1.02897268279513,-0.386759852030531,1.60070899679653,6.11424368524266,12.2285159660081,15.3224983122509,135.028497717751,0,0,0,104.03,45.5965558522925,155.355191695024,149.027309348811,4.71240327656508,1.6154790696481,40.6960356531318,4.06960356531318,5.68508263496129,0.852058634961288,0.73,9.21
"97","1/1/1985",3.52,31.46,21.44,26.21,5.51,4.190208,1,1.0329951106939,-0.402464796707004,1.60206299559769,6.11941556760004,12.2388597549111,15.3137355583171,147.20259406136,0,0,0,5.51,18.5846341773652,51.1065558522925,50.5382940555118,0.423187190687689,0.145074606093021,37.3811116761996,3.73811116761996,3.88318577371298,-0.307022226287021,0.09,0.4
"98","2/1/1985",4.56,31.49,22.02,26.48,49.64,4.902912,32,1.02811855819634,-0.308616225393509,1.59420985198204,6.08941883873967,12.1788661568996,15.5937518229195,146.616318580993,0,0,0,49.64,23.0596805020891,68.2246341773652,67.1818406584599,0.776573160879132,0.266220358026139,34.6888043973443,3.46888043973443,3.73510079776057,-1.16781120223943,1.36,0
"99","3/1/1985",1.3,31.81,21.16,26.3,26.9,1.54752,60,1.01690825660024,-0.148828389816058,1.58180723853575,6.04204445582792,12.0841171695123,15.7055925087164,155.961286629109,0,0,0,26.9,17.3774748768942,49.9596805020891,49.4176911365008,0.403621989557135,0.138367376031229,31.902205806274,3.1902205806274,3.32858795665863,1.78106795665863,3.17,0.49
"100","4/1/1985",2.18,31.07,21.87,26.2,201.82,2.51136,91,1.00014201676378,0.0658120579443605,1.56595638284451,5.9814987885581,11.9630255518084,15.2033197069995,140.001957876435,0,0,0,201.82,55.8616825460107,219.197474876894,204.9593274552,10.6032142968591,3.63493312483541,38.6412910028482,3.86412910028482,7.49906222512023,4.98770222512023,24.88,7.04
"101","5/1/1985",5.24,28.76,21.38,24.8,135.04,6.237696,121,0.983829054007841,0.256702116605427,1.55151882556541,5.92635151094505,11.8527307386656,14.1679708646849,113.134360376662,0,0,0,135.04,63.0799686701132,190.901682546011,180.678527207206,7.61323110633455,2.60992423246981,42.0495655538025,4.20495655538025,6.81488078785006,0.577184787850063,0.33,2.85
"102","6/1/1985",1.06,28.19,19.79,23.61,18.69,1.22112,152,0.971444860606014,0.383172477108697,1.54119048327006,5.88690024167324,11.7738280156136,13.1938805685762,109.26133756252,0,0,0,18.69,33.9275747294103,81.7699686701132,80.2362818261678,1.14214369250375,0.391543151441683,39.2651902239148,3.92651902239148,4.31806217383316,3.09694217383316,9.59,4.15
"103","7/1/1985",3.78,27.27,19.17,22.9,61.34,4.499712,182,0.967001222349163,0.404253818419659,1.53937427719707,5.87996286171531,11.7599532232525,12.9808511449854,103.750256521337,0,0,0,61.34,39.8225155536038,95.2675747294103,93.135601450717,1.58769037007709,0.544282908616207,37.1389823581744,3.71389823581744,4.25818114443365,-0.241530855566348,0.06,8.87
"104","8/1/1985",1.84,27.52,19.05,23.04,26.12,2.190336,213,0.971444860606014,0.315454740665758,1.54682819940301,5.90843468068377,11.8168969943484,13.64687282336,111.920508238917,0,0,0,26.12,28.1300606379503,65.9425155536038,64.9721455743954,0.722639015600306,0.247730963608093,34.4196557943407,3.44196557943407,3.68969654304216,1.49936054304216,2.25,0.09
"105","9/1/1985",0.75,28.35,19.39,23.6,20.4,0.864,244,0.983829054007841,0.138934649561522,1.56052726538654,5.96076113593023,11.9215501495654,14.716433067067,125.83631625317,0,0,0,20.4,20.2910063854837,48.5300606379503,48.0198813383438,0.379932886163754,0.130246413442766,31.6359897095495,3.16359897095495,3.29384538439772,2.42984538439772,5.9,4.04
"106","10/1/1985",0.69,29.74,20.09,24.68,19.52,0.821376,274,1.00014201676378,-0.0692866260487309,1.57589259830973,6.01945224717237,12.0389326465403,15.4388136471678,140.575999684002,0,0,0,19.52,16.0348898021265,39.8110063854837,39.4726785002008,0.251954342374035,0.0863735429088514,28.9890400472032,2.89890400472032,2.98527754762917,2.16390154762917,4.68,11.13
"107","11/1/1985",2.99,30.35,22.07,26.15,122.15,3.44448,305,1.01690825660024,-0.264847344805947,1.59071469746395,6.07606836311668,12.1521651432152,15.5402631585274,135.606812376508,0,0,0,122.15,41.7036641100077,138.184889802127,133.336161838405,3.61087016055055,1.23785780317135,29.6362820070489,2.96362820070489,4.20148600387623,0.757006003876234,0.57,11.42
"108","12/1/1985",3.8,31.14,21.99,26.31,92.18,4.52352,335,1.02869644984844,-0.384396775071331,1.60050678343852,6.1134712889172,12.2269711697448,15.3283488272507,141.12113822287,0,0,0,92.18,39.1299973679553,133.883664110008,129.368103929726,3.36275856990617,1.15280161037554,29.9991277972318,2.99991277972319,4.15271439009873,-0.370805609901274,0.14,0.57
"109","1/1/1986",1.3,32.15,21.36,26.34,14.06,1.54752,1,1.0329951106939,-0.402464796707004,1.60206299559769,6.11941556760004,12.2388597549111,15.3137355583171,153.205122074034,0,0,0,14.06,18.4766211074478,53.1899973679553,52.5722787157813,0.460017939847162,0.157700712326858,27.6901324882536,2.76901324882536,2.92671396115222,1.37919396115222,1.9,0.1
"110","2/1/1986",1.26,32.29,21.21,26.41,0.88,1.354752,32,1.02811855819634,-0.308616225393509,1.59420985198204,6.08941883873967,12.1788661568996,15.5937518229195,158.33980432703,0,0,0,0.88,8.63518086243742,19.3566211074478,19.2793014774422,0.0575802863969553,0.0197393436086454,25.2251934315005,2.52251934315005,2.5422586867587,1.1875066867587,1.41,7.04
"111","3/1/1986",5.42,32.61,21.81,27.07,32.63,6.451968,60,1.01690825660024,-0.148828389816058,1.58180723853575,6.04204445582792,12.0841171695123,15.7055925087164,159.79800874596,0,0,0,32.63,14.8193920118925,41.2651808624374,40.9007987562676,0.271357041280009,0.0930250648898252,23.1786822479823,2.31786822479823,2.41089328968806,-4.04107471031194,16.33,8.1
"112","4/1/1986",6.75,30.6,22.14,26.02,209.2,7.776,91,1.00014201676378,0.0658120579443605,1.56595638284451,5.9814987885581,11.9630255518084,15.2033197069995,133.704207373354,0,0,0,209.2,59.6705129783013,224.019392011892,209.007311621011,11.179565761741,3.83251462914089,31.2347709179303,3.12347709179303,6.95599172093392,-0.82000827906608,0.67,5.07
"113","5/1/1986",11.08,28.65,21.15,24.56,233.65,13.189632,121,0.983829054007841,0.256702116605427,1.55151882556541,5.92635151094505,11.8527307386656,14.1679708646849,113.407905320053,0,0,0,233.65,85.1091186005334,293.320512978301,263.843025651499,21.9520212708845,7.52546605591728,48.3516292625589,4.83516292625589,12.3606289821732,-0.82900301782683,0.69,12.79
"114","6/1/1986",5.65,28.2,20,23.78,17.39,6.5088,152,0.971444860606014,0.383172477108697,1.54119048327006,5.88690024167324,11.7738280156136,13.1938805685762,108.395948624041,0,0,0,17.39,40.7560486568232,102.499118600533,99.9991655387091,1.86172661804466,0.638226443779693,45.6485053460032,4.56485053460032,5.20307697838002,-1.30572302161998,1.7,80.81
"115","7/1/1986",1.32,27.59,18.54,22.77,12.49,1.571328,182,0.967001222349163,0.404253818419659,1.53937427719707,5.87996286171531,11.7599532232525,12.9808511449854,109.315452746527,0,0,0,12.49,24.1654277623283,53.2460486568232,52.6269684676119,0.46103188278171,0.158048306429579,41.9177611170772,4.19177611170772,4.3498244181373,2.7784964181373,7.72,5.33
"116","8/1/1986",1.5,28.02,18.35,22.87,37.13,1.7856,213,0.971444860606014,0.315454740665758,1.54682819940301,5.90843468068377,11.8168969943484,13.64687282336,119.088450492149,0,0,0,37.13,25.347224507632,61.2954277623283,60.4636748961497,0.619410209833939,0.212342656344651,38.6701557517374,3.86701557517374,4.07935823151839,2.29375823151839,5.26,6.91
"117","9/1/1986",0,29.07,19.04,23.8,18.79,0,244,0.983829054007841,0.138934649561522,1.56052726538654,5.96076113593023,11.9215501495654,14.716433067067,133.781310957098,0,0,0,18.79,18.009655796494,44.137224507632,43.7183399855085,0.311945242745895,0.106939279377553,35.4382736313485,3.54382736313485,3.6507666425124,3.6507666425124,13.33,5.83
"118","10/1/1986",1.5,30.84,20.55,25.58,22.81,1.7856,274,1.00014201676378,-0.0692866260487309,1.57589259830973,6.01945224717237,12.0389326465403,15.4388136471678,148.238240295054,0,0,0,22.81,15.6582458049574,40.819655796494,40.4633656046981,0.265330955186262,0.0909592366096442,32.4578223513952,3.24578223513952,3.33674147174916,1.55114147174916,2.41,17.64
"119","11/1/1986",4.88,31.12,21.84,26.35,59.03,5.62176,305,1.01690825660024,-0.264847344805947,1.59071469746395,6.07606836311668,12.1521651432152,15.5402631585274,144.215571596725,0,0,0,59.03,25.0226083173676,74.6882458049574,73.4244260573739,0.941172416561185,0.322647331022354,30.362722516324,3.0362722516324,3.35891958265475,-2.26284041734525,5.12,5.83
"120","12/1/1986",6.09,30.09,21.25,25.57,161.47,7.249536,335,1.02869644984844,-0.384396775071331,1.60050678343852,6.1134712889172,12.2269711697448,15.3283488272507,136.382931271824,0,0,0,161.47,51.4017322920712,186.492608317368,176.818539766915,7.2043236331901,2.46974491726293,34.1518601359219,3.41518601359219,5.88493093085512,-1.36460506914488,1.86,2.02
"121","1/1/1987",2.65,32.02,22.09,26.82,22.52,3.15456,1,1.0329951106939,-0.402464796707004,1.60206299559769,6.11941556760004,12.2388597549111,15.3137355583171,148.571129221164,0,0,0,22.52,24.1512879970218,73.9217322920712,72.6853686327292,0.920725740546604,0.315637918795329,31.8841689786077,3.18841689786077,3.5040548166561,0.3494948166561,0.12,9.3
"122","2/1/1987",1.02,32.56,21.92,26.81,0.52,1.096704,32,1.02811855819634,-0.308616225393509,1.59420985198204,6.08941883873967,12.1788661568996,15.5937518229195,156.56790702397,0,0,0,0.52,10.3816621536565,24.6712879970218,24.5445807559011,0.0943594690219004,0.0323477720988049,29.0713894978451,2.90713894978451,2.93948672188332,1.84278272188332,3.4,1.09
"123","3/1/1987",0,33.54,22.53,27.8,2,0,60,1.01690825660024,-0.148828389816058,1.58180723853575,6.04204445582792,12.0841171695123,15.7055925087164,163.9690642117,0,0,0,2,6.1158224591135,12.3816621536565,12.3503831454165,0.0232936222346976,0.00798538600539147,26.4497119273453,2.64497119273453,2.65295657873992,2.65295657873992,7.04,9.63
"124","4/1/1987",3.88,32.18,22.58,27.13,99.21,4.46976,91,1.00014201676378,0.0658120579443605,1.56595638284451,5.9814987885581,11.9630255518084,15.2033197069995,146.035873979793,0,0,0,99.21,31.767529865752,105.325822459113,102.672675389034,1.97581090516556,0.677336164914142,25.8413843931917,2.58413843931917,3.26147460423331,-1.20828539576669,1.46,17.64
"125","5/1/1987",12.18,29.46,21.88,25.43,193.18,14.499072,121,0.983829054007841,0.256702116605427,1.55151882556541,5.92635151094505,11.8527307386656,14.1679708646849,116.352731747979,0,0,0,193.18,69.1418445229798,224.947529865752,209.783327217877,11.2928519107358,3.87135073713961,33.7583966399341,3.37583966399341,7.24719040113302,-7.25188159886698,52.59,0.07
"126","6/1/1987",1.75,28.61,20.24,24,19.37,2.016,152,0.971444860606014,0.383172477108697,1.54119048327006,5.88690024167324,11.7738280156136,13.1938805685762,110.093239239405,0,0,0,19.37,35.8905597550038,88.5118445229798,86.6934013012084,1.35420308527885,0.464240136492625,31.920545204739,3.1920545204739,3.65629465696653,1.64029465696653,2.69,106.07
"127","7/1/1987",1.65,27.68,18.95,22.99,59.3,1.96416,182,0.967001222349163,0.404253818419659,1.53937427719707,5.87996286171531,11.7599532232525,12.9808511449854,107.947624004464,0,0,0,59.3,38.5901798708453,95.1905597550038,93.0623232922094,1.58490754597855,0.543328916815873,30.4595025006523,3.04595025006523,3.58927916688111,1.62511916688111,2.64,4.77
"128","8/1/1987",2.75,27.62,19.82,23.48,105.04,3.2736,213,0.971444860606014,0.315454740665758,1.54682819940301,5.90843468068377,11.8168969943484,13.64687282336,108.559847614874,0,0,0,105.04,52.8570897942224,143.630179870845,138.338608512746,3.9406576863755,1.35091367172375,31.272872897298,3.1272872897298,4.47820096145355,1.20460096145355,1.45,5
"129","9/1/1987",1.51,29.38,19.7,24.32,26.52,1.73952,244,0.983829054007841,0.138934649561522,1.56052726538654,5.96076113593023,11.9215501495654,14.716433067067,133.069244576115,0,0,0,26.52,28.1649769086913,79.3770897942224,77.9378905285852,1.07177835553118,0.367420910106094,29.4042284116629,2.94042284116629,3.30784375127239,1.56832375127239,2.46,0.86
"130","10/1/1987",1.8,30.49,20.82,25.52,16.54,2.14272,274,1.00014201676378,-0.0692866260487309,1.57589259830973,6.01945224717237,12.0389326465403,15.4388136471678,143.504229380723,0,0,0,16.54,17.1968797829165,44.7049769086913,44.2748358405922,0.320328044643262,0.109813023455771,27.0223240511874,2.70223240511874,2.81204542857451,0.669325428574514,0.45,6.05
"131","11/1/1987",0.51,30.7,20.86,25.66,28.71,0.58752,305,1.01690825660024,-0.264847344805947,1.59071469746395,6.07606836311668,12.1521651432152,15.5402631585274,146.182279839235,0,0,0,28.71,17.2726893338558,45.9068797829165,45.4523798057473,0.338468236991233,0.116031740177931,24.8734475347079,2.48734475347079,2.60337649364872,2.01585649364872,4.06,4.23
"132","12/1/1987",1.87,31.62,22.43,26.91,19.83,2.226048,335,1.02869644984844,-0.384396775071331,1.60050678343852,6.1134712889172,12.2269711697448,15.3283488272507,143.35303478086,0,0,0,19.83,14.9838214524004,37.1026893338558,36.8101553857823,0.217851385342697,0.0746825627308151,22.8102717455005,2.28102717455005,2.35570973728087,0.129661737280867,0.02,13.05
"133","1/1/1988",4.38,32.74,22.55,27.51,19.89,5.213952,1,1.0329951106939,-0.402464796707004,1.60206299559769,6.11941556760004,12.2388597549111,15.3137355583171,152.830976578294,0,0,0,19.89,13.6109756056,34.8738214524004,34.616336955337,0.191749896922806,0.0657346001405394,20.9109287658394,2.09109287658394,2.15682747672448,-3.05712452327552,9.35,3.9
"134","2/1/1988",1.13,33.52,22.47,27.61,3.68,1.258368,32,1.02811855819634,-0.308616225393509,1.59420985198204,6.08941883873967,12.1788661568996,15.5937518229195,162.417323617382,0,0,0,3.68,7.82326921041946,17.2909756056,17.2294856909561,0.0457918240874339,0.0156980905564982,19.0515641726607,1.90515641726607,1.92085450782257,0.662486507822572,0.44,1.03
"135","3/1/1988",7.57,33.7,22.56,28.01,79.88,9.011328,61,1.01641793853394,-0.142243182046466,1.58131323149264,6.04015749233245,12.0803432336962,15.7011124375209,165.646552487424,0,0,0,79.88,24.4720876829565,87.7032692104194,85.9204421568731,1.32767955992553,0.455147493620854,18.5265852114421,1.85265852114421,2.30780601476506,-6.70352198523494,44.94,8.65
"136","4/1/1988",8.28,31.35,22.78,26.7,190.35,9.53856,92,0.999573960229525,0.0727560612773819,1.56544398267793,5.97954156867049,11.9591111028795,15.1750869792951,136.40512933131,0,0,0,190.35,56.7166375129318,214.822087682956,201.262777790374,10.097680846422,3.46162904616085,26.0220600526037,2.60220600526037,6.06383505142122,-3.47472494857878,12.07,23.15
"137","5/1/1988",2.41,30.17,21.39,25.42,35.09,2.868864,122,0.98333628519419,0.262151622347102,1.55109036650114,5.9247149217003,11.849457552522,14.1307193718436,124.866340207503,0,0,0,35.09,33.2480554825528,91.8066375129318,89.8388688151355,1.4654064585393,0.502362239257029,24.9886059192209,2.49886059192209,3.00122283117912,0.132358831179118,0.02,28.5
"138","6/1/1988",7.14,28.69,20.72,24.34,90.78,8.22528,153,0.971164365580834,0.385592596241457,1.54098358990809,5.88610996909126,11.7722474667536,13.1727625740437,108.130857456842,0,0,0,90.78,47.3673206391758,124.028055482553,120.222302262351,2.83416204086206,0.971591179340057,25.2934254182572,2.52934254182572,3.50093372116578,-4.72434627883422,22.32,1.77
"139","7/1/1988",1.28,28.48,19.67,23.7,27.04,1.523712,183,0.967001222349163,0.403091013698986,1.53947529662234,5.88034872659414,11.7607249548148,12.9894222886474,110.401500912678,0,0,0,27.04,31.2523970148853,74.4073206391759,73.1536027604625,0.933649508049458,0.320068370663845,23.8427953875515,2.38427953875515,2.704347909419,1.180635909419,1.39,16.2
"140","8/1/1988",0.89,28.41,19.79,23.78,27.38,1.059456,214,0.971733817135267,0.31091882019131,1.54719633526721,5.90984085281593,11.8197093451892,13.6790848329262,115.224345933473,0,0,0,27.38,25.1031945649515,58.6323970148853,57.8748076667668,0.564180294613253,0.193409053505276,22.1881597110589,2.21881597110589,2.41222502461117,1.35276902461117,1.83,7.16
"141","9/1/1988",1.15,28.72,19.48,23.9,42.37,1.3248,245,0.984326614621787,0.132286952882849,1.56102455755016,5.96266064763239,11.9253491818534,14.748862188943,128.99701148681,0,0,0,42.37,25.5907147830049,67.4731945649515,66.4545678511614,0.758576029235705,0.260050684554379,20.8606688548133,2.08606688548133,2.34611757003571,1.02131757003571,1.04,9.86
"142","10/1/1988",1.3,30.96,20.21,25.38,23.23,1.54752,275,1.0007100312154,-0.0762201066084194,1.57640447527989,6.02140746860157,12.042843098543,15.4521352075297,150.946991108201,0,0,0,23.23,17.5859493742935,48.8207147830049,48.304152334011,0.384686447061723,0.13187600193218,19.3139593653409,1.93139593653409,2.06327193846627,0.515751938466269,0.27,8.27
"143","11/1/1988",3.61,30.77,21.29,25.83,107.76,4.15872,306,1.0173935643852,-0.270179730395027,1.59113578644398,6.07767680077914,12.1553820260625,15.5350539282719,143.996268367809,0,0,0,107.76,36.5436192432897,125.345949374294,121.44951168775,2.9016951827474,0.994742503796068,20.1960495891712,2.01960495891712,3.01434746271319,-1.14437253728681,1.31,7.04
"144","12/1/1988",3.8,30.6,21.53,25.91,133.12,4.52352,336,1.02897268279513,-0.386759852030531,1.60070899679653,6.11424368524266,12.2285159660081,15.3224983122509,139.175606625291,0,0,0,133.12,47.0422499487776,169.66361924329,161.909831634856,5.77428152621019,1.97950608222302,23.609391923074,2.3609391923074,4.34044527453042,-0.183074725469583,0.03,0
"145","1/1/1989",4.32,30.68,21.13,25.61,28.96,5.142528,1,1.0329951106939,-0.402464796707004,1.60206299559769,6.11941556760004,12.2388597549111,15.3137355583171,141.749555492195,0,0,0,28.96,25.7536331367698,76.0022499487776,74.6905739103804,0.976811217868758,0.334864820528409,22.3510937644934,2.23510937644934,2.56997419697775,-2.57255380302225,6.62,0.1
"146","2/1/1989",0,32.24,21.22,26.35,0.08,0,32,1.02811855819634,-0.308616225393509,1.59420985198204,6.08941883873967,12.1788661568996,15.5937518229195,157.69619480971,0,0,0,0.08,10.6777875997114,25.8336331367698,25.694439278525,0.103658310597867,0.0355355476469318,20.4134109773557,2.04134109773557,2.0768766453825,2.0768766453825,4.31,0.89
"147","3/1/1989",3.86,32.71,21.99,26.97,89.48,4.594944,60,1.01690825660024,-0.148828389816058,1.58180723853575,6.04204445582792,12.0841171695123,15.7055925087164,158.850250132768,0,0,0,89.48,28.0897284467887,100.157787599711,97.780709386118,1.77022114974885,0.60685706384454,20.1669382973678,2.01669382973678,2.62355089358132,-1.97139310641868,3.89,17.64
"148","4/1/1989",4.46,30.63,21.07,25.71,111.08,5.13792,91,1.00014201676378,0.0658120579443605,1.56595638284451,5.9814987885581,11.9630255518084,15.2033197069995,141.125517815651,0,0,0,111.08,40.2354621515267,139.169728446789,134.24266571703,3.66920642344908,1.25785630630938,21.6692224734699,2.16692224734699,3.42477855365636,-1.71314144634364,2.93,0.16
"149","5/1/1989",4.76,29.03,20.6,24.36,97.31,5.666304,121,0.983829054007841,0.256702116605427,1.55151882556541,5.92635151094505,11.8527307386656,14.1679708646849,119.66609945955,0,0,0,97.31,46.8971534612607,137.545462151527,132.747183189932,3.57330055512541,1.22497840646922,22.9477482078139,2.29477482078139,3.51975322725061,-2.14655077274939,4.61,0.88
"150","6/1/1989",1.97,28.02,19.62,23.41,38.05,2.26944,152,0.971444860606014,0.383172477108697,1.54119048327006,5.88690024167324,11.7738280156136,13.1938805685762,108.733632478905,0,0,0,38.05,35.0905347767688,84.9471534612607,83.2827131952139,1.23951637123266,0.424923894814051,21.9884223445878,2.19884223445878,2.62376612927283,0.354326129272827,0.13,2.15
"151","7/1/1989",0.94,27.93,19.1,23.1,33.11,1.118976,182,0.967001222349163,0.404253818419659,1.53937427719707,5.87996286171531,11.7599532232525,12.9808511449854,108.856889442383,0,0,0,33.11,29.4875764831349,68.2005347767688,67.1585212011652,0.775992333491861,0.266021242111786,20.6949224346178,2.06949224346178,2.33551348557357,1.21653748557357,1.48,3.73
"152","8/1/1989",0.94,27.06,18.77,22.6,42.67,1.118976,213,0.971444860606014,0.315454740665758,1.54682819940301,5.90843468068377,11.8168969943484,13.64687282336,109.531961591937,0,0,0,42.67,30.6886682380465,72.1575764831349,70.9831229784715,0.874620961760011,0.299832542903393,19.6086758148889,1.96086758148889,2.26070012439229,1.14172412439229,1.3,9.49
"153","9/1/1989",4.2,28.84,19.28,23.8,27.8,4.8384,244,0.983829054007841,0.138934649561522,1.56052726538654,5.96076113593023,11.9215501495654,14.716433067067,130.609247420552,0,0,0,27.8,22.7251317429773,58.4886682380465,57.7349737349286,0.5612797855111,0.192414717606827,18.336323273091,1.8336323273091,2.02604704491592,-2.81235295508408,7.91,9.49
"154","10/1/1989",5.8,29.72,19.99,24.67,81.73,6.90432,274,1.00014201676378,-0.0692866260487309,1.57589259830973,6.01945224717237,12.0389326465403,15.4388136471678,141.124266277603,0,0,0,81.73,32.6719432195052,104.455131742977,101.849741059213,1.94024650320066,0.665144180564125,18.4332452511742,1.84332452511742,2.50846870568154,-4.39585129431846,19.32,0.41
"155","11/1/1989",2.61,30.08,20.59,25.12,148.6,3.00672,305,1.01690825660024,-0.264847344805947,1.59071469746395,6.07606836311668,12.1521651432152,15.5402631585274,141.775203426392,0,0,0,148.6,48.3071675814958,181.271943219505,172.222890346191,6.73887156507226,2.31018130824242,22.883742560224,2.2883742560224,4.59855556426482,1.59183556426482,2.53,7.31
"156","12/1/1989",3.63,30.17,21.17,25.54,121.87,4.321152,335,1.02869644984844,-0.384396775071331,1.60050678343852,6.1134712889172,12.2269711697448,15.3283488272507,137.51644210182,0,0,0,121.87,47.7508217294614,170.177167581496,162.368762412648,5.814955476289,1.99344969255854,26.0897254877391,2.60897254877391,4.60242224133245,0.28127024133245,0.08,1.42
